pair_id,original_midi_path,plagiarised_midi_path
1,plagdet/data/synthetic_dataset/pairs/original\original_1.mid,plagdet/data/synthetic_dataset/pairs/plagiarised\plagiarised_1.mid
2,plagdet/data/synthetic_dataset/pairs/original\original_2.mid,plagdet/data/synthetic_dataset/pairs/plagiarised\plagiarised_2.mid
3,plagdet/data/synthetic_dataset/pairs/original\original_3.mid,plagdet/data/synthetic_dataset/pairs/plagiarised\plagiarised_3.mid
4,plagdet/data/synthetic_dataset/pairs/original\original_4.mid,plagdet/data/synthetic_dataset/pairs/plagiarised\plagiarised_4.mid
5,plagdet/data/synthetic_dataset/pairs/original\original_5.mid,plagdet/data/synthetic_dataset/pairs/plagiarised\plagiarised_5.mid
6,plagdet/data/synthetic_dataset/pairs/original\original_6.mid,plagdet/data/synthetic_dataset/pairs/plagiarised\plagiarised_6.mid
8,plagdet/data/synthetic_dataset/pairs/original\original_8.mid,plagdet/data/synthetic_dataset/pairs/plagiarised\plagiarised_8.mid
9,plagdet/data/synthetic_dataset/pairs/original\original_9.mid,plagdet/data/synthetic_dataset/pairs/plagiarised\plagiarised_9.mid
10,plagdet/data/synthetic_dataset/pairs/original\original_10.mid,plagdet/data/synthetic_dataset/pairs/plagiarised\plagiarised_10.mid
11,plagdet/data/synthetic_dataset/pairs/original\original_11.mid,plagdet/data/synthetic_dataset/pairs/plagiarised\plagiarised_11.mid
12,plagdet/data/synthetic_dataset/pairs/original\original_12.mid,plagdet/data/synthetic_dataset/pairs/plagiarised\plagiarised_12.mid
13,plagdet/data/synthetic_dataset/pairs/original\original_13.mid,plagdet/data/synthetic_dataset/pairs/plagiarised\plagiarised_13.mid
14,plagdet/data/synthetic_dataset/pairs/original\original_14.mid,plagdet/data/synthetic_dataset/pairs/plagiarised\plagiarised_14.mid
15,plagdet/data/synthetic_dataset/pairs/original\original_15.mid,plagdet/data/synthetic_dataset/pairs/plagiarised\plagiarised_15.mid
16,plagdet/data/synthetic_dataset/pairs/original\original_16.mid,plagdet/data/synthetic_dataset/pairs/plagiarised\plagiarised_16.mid
17,plagdet/data/synthetic_dataset/pairs/original\original_17.mid,plagdet/data/synthetic_dataset/pairs/plagiarised\plagiarised_17.mid
18,plagdet/data/synthetic_dataset/pairs/original\original_18.mid,plagdet/data/synthetic_dataset/pairs/plagiarised\plagiarised_18.mid
19,plagdet/data/synthetic_dataset/pairs/original\original_19.mid,plagdet/data/synthetic_dataset/pairs/plagiarised\plagiarised_19.mid
20,plagdet/data/synthetic_dataset/pairs/original\original_20.mid,plagdet/data/synthetic_dataset/pairs/plagiarised\plagiarised_20.mid
21,plagdet/data/synthetic_dataset/pairs/original\original_21.mid,plagdet/data/synthetic_dataset/pairs/plagiarised\plagiarised_21.mid
22,plagdet/data/synthetic_dataset/pairs/original\original_22.mid,plagdet/data/synthetic_dataset/pairs/plagiarised\plagiarised_22.mid
23,plagdet/data/synthetic_dataset/pairs/original\original_23.mid,plagdet/data/synthetic_dataset/pairs/plagiarised\plagiarised_23.mid
24,plagdet/data/synthetic_dataset/pairs/original\original_24.mid,plagdet/data/synthetic_dataset/pairs/plagiarised\plagiarised_24.mid
25,plagdet/data/synthetic_dataset/pairs/original\original_25.mid,plagdet/data/synthetic_dataset/pairs/plagiarised\plagiarised_25.mid
26,plagdet/data/synthetic_dataset/pairs/original\original_26.mid,plagdet/data/synthetic_dataset/pairs/plagiarised\plagiarised_26.mid
27,plagdet/data/synthetic_dataset/pairs/original\original_27.mid,plagdet/data/synthetic_dataset/pairs/plagiarised\plagiarised_27.mid
28,plagdet/data/synthetic_dataset/pairs/original\original_28.mid,plagdet/data/synthetic_dataset/pairs/plagiarised\plagiarised_28.mid
29,plagdet/data/synthetic_dataset/pairs/original\original_29.mid,plagdet/data/synthetic_dataset/pairs/plagiarised\plagiarised_29.mid
30,plagdet/data/synthetic_dataset/pairs/original\original_30.mid,plagdet/data/synthetic_dataset/pairs/plagiarised\plagiarised_30.mid
31,plagdet/data/synthetic_dataset/pairs/original\original_31.mid,plagdet/data/synthetic_dataset/pairs/plagiarised\plagiarised_31.mid
32,plagdet/data/synthetic_dataset/pairs/original\original_32.mid,plagdet/data/synthetic_dataset/pairs/plagiarised\plagiarised_32.mid
33,plagdet/data/synthetic_dataset/pairs/original\original_33.mid,plagdet/data/synthetic_dataset/pairs/plagiarised\plagiarised_33.mid
34,plagdet/data/synthetic_dataset/pairs/original\original_34.mid,plagdet/data/synthetic_dataset/pairs/plagiarised\plagiarised_34.mid
35,plagdet/data/synthetic_dataset/pairs/original\original_35.mid,plagdet/data/synthetic_dataset/pairs/plagiarised\plagiarised_35.mid
36,plagdet/data/synthetic_dataset/pairs/original\original_36.mid,plagdet/data/synthetic_dataset/pairs/plagiarised\plagiarised_36.mid
37,plagdet/data/synthetic_dataset/pairs/original\original_37.mid,plagdet/data/synthetic_dataset/pairs/plagiarised\plagiarised_37.mid
38,plagdet/data/synthetic_dataset/pairs/original\original_38.mid,plagdet/data/synthetic_dataset/pairs/plagiarised\plagiarised_38.mid
39,plagdet/data/synthetic_dataset/pairs/original\original_39.mid,plagdet/data/synthetic_dataset/pairs/plagiarised\plagiarised_39.mid
40,plagdet/data/synthetic_dataset/pairs/original\original_40.mid,plagdet/data/synthetic_dataset/pairs/plagiarised\plagiarised_40.mid
41,plagdet/data/synthetic_dataset/pairs/original\original_41.mid,plagdet/data/synthetic_dataset/pairs/plagiarised\plagiarised_41.mid
42,plagdet/data/synthetic_dataset/pairs/original\original_42.mid,plagdet/data/synthetic_dataset/pairs/plagiarised\plagiarised_42.mid
43,plagdet/data/synthetic_dataset/pairs/original\original_43.mid,plagdet/data/synthetic_dataset/pairs/plagiarised\plagiarised_43.mid
44,plagdet/data/synthetic_dataset/pairs/original\original_44.mid,plagdet/data/synthetic_dataset/pairs/plagiarised\plagiarised_44.mid
45,plagdet/data/synthetic_dataset/pairs/original\original_45.mid,plagdet/data/synthetic_dataset/pairs/plagiarised\plagiarised_45.mid
46,plagdet/data/synthetic_dataset/pairs/original\original_46.mid,plagdet/data/synthetic_dataset/pairs/plagiarised\plagiarised_46.mid
47,plagdet/data/synthetic_dataset/pairs/original\original_47.mid,plagdet/data/synthetic_dataset/pairs/plagiarised\plagiarised_47.mid
48,plagdet/data/synthetic_dataset/pairs/original\original_48.mid,plagdet/data/synthetic_dataset/pairs/plagiarised\plagiarised_48.mid
49,plagdet/data/synthetic_dataset/pairs/original\original_49.mid,plagdet/data/synthetic_dataset/pairs/plagiarised\plagiarised_49.mid
50,plagdet/data/synthetic_dataset/pairs/original\original_50.mid,plagdet/data/synthetic_dataset/pairs/plagiarised\plagiarised_50.mid
51,plagdet/data/synthetic_dataset/pairs/original\original_51.mid,plagdet/data/synthetic_dataset/pairs/plagiarised\plagiarised_51.mid
52,plagdet/data/synthetic_dataset/pairs/original\original_52.mid,plagdet/data/synthetic_dataset/pairs/plagiarised\plagiarised_52.mid
53,plagdet/data/synthetic_dataset/pairs/original\original_53.mid,plagdet/data/synthetic_dataset/pairs/plagiarised\plagiarised_53.mid
54,plagdet/data/synthetic_dataset/pairs/original\original_54.mid,plagdet/data/synthetic_dataset/pairs/plagiarised\plagiarised_54.mid
55,plagdet/data/synthetic_dataset/pairs/original\original_55.mid,plagdet/data/synthetic_dataset/pairs/plagiarised\plagiarised_55.mid
56,plagdet/data/synthetic_dataset/pairs/original\original_56.mid,plagdet/data/synthetic_dataset/pairs/plagiarised\plagiarised_56.mid
57,plagdet/data/synthetic_dataset/pairs/original\original_57.mid,plagdet/data/synthetic_dataset/pairs/plagiarised\plagiarised_57.mid
58,plagdet/data/synthetic_dataset/pairs/original\original_58.mid,plagdet/data/synthetic_dataset/pairs/plagiarised\plagiarised_58.mid
59,plagdet/data/synthetic_dataset/pairs/original\original_59.mid,plagdet/data/synthetic_dataset/pairs/plagiarised\plagiarised_59.mid
60,plagdet/data/synthetic_dataset/pairs/original\original_60.mid,plagdet/data/synthetic_dataset/pairs/plagiarised\plagiarised_60.mid
61,plagdet/data/synthetic_dataset/pairs/original\original_61.mid,plagdet/data/synthetic_dataset/pairs/plagiarised\plagiarised_61.mid
62,plagdet/data/synthetic_dataset/pairs/original\original_62.mid,plagdet/data/synthetic_dataset/pairs/plagiarised\plagiarised_62.mid
63,plagdet/data/synthetic_dataset/pairs/original\original_63.mid,plagdet/data/synthetic_dataset/pairs/plagiarised\plagiarised_63.mid
64,plagdet/data/synthetic_dataset/pairs/original\original_64.mid,plagdet/data/synthetic_dataset/pairs/plagiarised\plagiarised_64.mid
65,plagdet/data/synthetic_dataset/pairs/original\original_65.mid,plagdet/data/synthetic_dataset/pairs/plagiarised\plagiarised_65.mid
66,plagdet/data/synthetic_dataset/pairs/original\original_66.mid,plagdet/data/synthetic_dataset/pairs/plagiarised\plagiarised_66.mid
67,plagdet/data/synthetic_dataset/pairs/original\original_67.mid,plagdet/data/synthetic_dataset/pairs/plagiarised\plagiarised_67.mid
68,plagdet/data/synthetic_dataset/pairs/original\original_68.mid,plagdet/data/synthetic_dataset/pairs/plagiarised\plagiarised_68.mid
69,plagdet/data/synthetic_dataset/pairs/original\original_69.mid,plagdet/data/synthetic_dataset/pairs/plagiarised\plagiarised_69.mid
70,plagdet/data/synthetic_dataset/pairs/original\original_70.mid,plagdet/data/synthetic_dataset/pairs/plagiarised\plagiarised_70.mid
71,plagdet/data/synthetic_dataset/pairs/original\original_71.mid,plagdet/data/synthetic_dataset/pairs/plagiarised\plagiarised_71.mid
72,plagdet/data/synthetic_dataset/pairs/original\original_72.mid,plagdet/data/synthetic_dataset/pairs/plagiarised\plagiarised_72.mid
73,plagdet/data/synthetic_dataset/pairs/original\original_73.mid,plagdet/data/synthetic_dataset/pairs/plagiarised\plagiarised_73.mid
74,plagdet/data/synthetic_dataset/pairs/original\original_74.mid,plagdet/data/synthetic_dataset/pairs/plagiarised\plagiarised_74.mid
75,plagdet/data/synthetic_dataset/pairs/original\original_75.mid,plagdet/data/synthetic_dataset/pairs/plagiarised\plagiarised_75.mid
76,plagdet/data/synthetic_dataset/pairs/original\original_76.mid,plagdet/data/synthetic_dataset/pairs/plagiarised\plagiarised_76.mid
77,plagdet/data/synthetic_dataset/pairs/original\original_77.mid,plagdet/data/synthetic_dataset/pairs/plagiarised\plagiarised_77.mid
78,plagdet/data/synthetic_dataset/pairs/original\original_78.mid,plagdet/data/synthetic_dataset/pairs/plagiarised\plagiarised_78.mid
79,plagdet/data/synthetic_dataset/pairs/original\original_79.mid,plagdet/data/synthetic_dataset/pairs/plagiarised\plagiarised_79.mid
80,plagdet/data/synthetic_dataset/pairs/original\original_80.mid,plagdet/data/synthetic_dataset/pairs/plagiarised\plagiarised_80.mid
81,plagdet/data/synthetic_dataset/pairs/original\original_81.mid,plagdet/data/synthetic_dataset/pairs/plagiarised\plagiarised_81.mid
82,plagdet/data/synthetic_dataset/pairs/original\original_82.mid,plagdet/data/synthetic_dataset/pairs/plagiarised\plagiarised_82.mid
83,plagdet/data/synthetic_dataset/pairs/original\original_83.mid,plagdet/data/synthetic_dataset/pairs/plagiarised\plagiarised_83.mid
84,plagdet/data/synthetic_dataset/pairs/original\original_84.mid,plagdet/data/synthetic_dataset/pairs/plagiarised\plagiarised_84.mid
85,plagdet/data/synthetic_dataset/pairs/original\original_85.mid,plagdet/data/synthetic_dataset/pairs/plagiarised\plagiarised_85.mid
86,plagdet/data/synthetic_dataset/pairs/original\original_86.mid,plagdet/data/synthetic_dataset/pairs/plagiarised\plagiarised_86.mid
87,plagdet/data/synthetic_dataset/pairs/original\original_87.mid,plagdet/data/synthetic_dataset/pairs/plagiarised\plagiarised_87.mid
88,plagdet/data/synthetic_dataset/pairs/original\original_88.mid,plagdet/data/synthetic_dataset/pairs/plagiarised\plagiarised_88.mid
89,plagdet/data/synthetic_dataset/pairs/original\original_89.mid,plagdet/data/synthetic_dataset/pairs/plagiarised\plagiarised_89.mid
90,plagdet/data/synthetic_dataset/pairs/original\original_90.mid,plagdet/data/synthetic_dataset/pairs/plagiarised\plagiarised_90.mid
91,plagdet/data/synthetic_dataset/pairs/original\original_91.mid,plagdet/data/synthetic_dataset/pairs/plagiarised\plagiarised_91.mid
92,plagdet/data/synthetic_dataset/pairs/original\original_92.mid,plagdet/data/synthetic_dataset/pairs/plagiarised\plagiarised_92.mid
93,plagdet/data/synthetic_dataset/pairs/original\original_93.mid,plagdet/data/synthetic_dataset/pairs/plagiarised\plagiarised_93.mid
94,plagdet/data/synthetic_dataset/pairs/original\original_94.mid,plagdet/data/synthetic_dataset/pairs/plagiarised\plagiarised_94.mid
95,plagdet/data/synthetic_dataset/pairs/original\original_95.mid,plagdet/data/synthetic_dataset/pairs/plagiarised\plagiarised_95.mid
96,plagdet/data/synthetic_dataset/pairs/original\original_96.mid,plagdet/data/synthetic_dataset/pairs/plagiarised\plagiarised_96.mid
97,plagdet/data/synthetic_dataset/pairs/original\original_97.mid,plagdet/data/synthetic_dataset/pairs/plagiarised\plagiarised_97.mid
98,plagdet/data/synthetic_dataset/pairs/original\original_98.mid,plagdet/data/synthetic_dataset/pairs/plagiarised\plagiarised_98.mid
99,plagdet/data/synthetic_dataset/pairs/original\original_99.mid,plagdet/data/synthetic_dataset/pairs/plagiarised\plagiarised_99.mid
100,plagdet/data/synthetic_dataset/pairs/original\original_100.mid,plagdet/data/synthetic_dataset/pairs/plagiarised\plagiarised_100.mid
101,plagdet/data/synthetic_dataset/pairs/original\original_101.mid,plagdet/data/synthetic_dataset/pairs/plagiarised\plagiarised_101.mid
102,plagdet/data/synthetic_dataset/pairs/original\original_102.mid,plagdet/data/synthetic_dataset/pairs/plagiarised\plagiarised_102.mid
103,plagdet/data/synthetic_dataset/pairs/original\original_103.mid,plagdet/data/synthetic_dataset/pairs/plagiarised\plagiarised_103.mid
104,plagdet/data/synthetic_dataset/pairs/original\original_104.mid,plagdet/data/synthetic_dataset/pairs/plagiarised\plagiarised_104.mid
105,plagdet/data/synthetic_dataset/pairs/original\original_105.mid,plagdet/data/synthetic_dataset/pairs/plagiarised\plagiarised_105.mid
106,plagdet/data/synthetic_dataset/pairs/original\original_106.mid,plagdet/data/synthetic_dataset/pairs/plagiarised\plagiarised_106.mid
107,plagdet/data/synthetic_dataset/pairs/original\original_107.mid,plagdet/data/synthetic_dataset/pairs/plagiarised\plagiarised_107.mid
108,plagdet/data/synthetic_dataset/pairs/original\original_108.mid,plagdet/data/synthetic_dataset/pairs/plagiarised\plagiarised_108.mid
109,plagdet/data/synthetic_dataset/pairs/original\original_109.mid,plagdet/data/synthetic_dataset/pairs/plagiarised\plagiarised_109.mid
110,plagdet/data/synthetic_dataset/pairs/original\original_110.mid,plagdet/data/synthetic_dataset/pairs/plagiarised\plagiarised_110.mid
111,plagdet/data/synthetic_dataset/pairs/original\original_111.mid,plagdet/data/synthetic_dataset/pairs/plagiarised\plagiarised_111.mid
112,plagdet/data/synthetic_dataset/pairs/original\original_112.mid,plagdet/data/synthetic_dataset/pairs/plagiarised\plagiarised_112.mid
113,plagdet/data/synthetic_dataset/pairs/original\original_113.mid,plagdet/data/synthetic_dataset/pairs/plagiarised\plagiarised_113.mid
114,plagdet/data/synthetic_dataset/pairs/original\original_114.mid,plagdet/data/synthetic_dataset/pairs/plagiarised\plagiarised_114.mid
115,plagdet/data/synthetic_dataset/pairs/original\original_115.mid,plagdet/data/synthetic_dataset/pairs/plagiarised\plagiarised_115.mid
116,plagdet/data/synthetic_dataset/pairs/original\original_116.mid,plagdet/data/synthetic_dataset/pairs/plagiarised\plagiarised_116.mid
117,plagdet/data/synthetic_dataset/pairs/original\original_117.mid,plagdet/data/synthetic_dataset/pairs/plagiarised\plagiarised_117.mid
118,plagdet/data/synthetic_dataset/pairs/original\original_118.mid,plagdet/data/synthetic_dataset/pairs/plagiarised\plagiarised_118.mid
119,plagdet/data/synthetic_dataset/pairs/original\original_119.mid,plagdet/data/synthetic_dataset/pairs/plagiarised\plagiarised_119.mid
120,plagdet/data/synthetic_dataset/pairs/original\original_120.mid,plagdet/data/synthetic_dataset/pairs/plagiarised\plagiarised_120.mid
121,plagdet/data/synthetic_dataset/pairs/original\original_121.mid,plagdet/data/synthetic_dataset/pairs/plagiarised\plagiarised_121.mid
122,plagdet/data/synthetic_dataset/pairs/original\original_122.mid,plagdet/data/synthetic_dataset/pairs/plagiarised\plagiarised_122.mid
123,plagdet/data/synthetic_dataset/pairs/original\original_123.mid,plagdet/data/synthetic_dataset/pairs/plagiarised\plagiarised_123.mid
124,plagdet/data/synthetic_dataset/pairs/original\original_124.mid,plagdet/data/synthetic_dataset/pairs/plagiarised\plagiarised_124.mid
125,plagdet/data/synthetic_dataset/pairs/original\original_125.mid,plagdet/data/synthetic_dataset/pairs/plagiarised\plagiarised_125.mid
126,plagdet/data/synthetic_dataset/pairs/original\original_126.mid,plagdet/data/synthetic_dataset/pairs/plagiarised\plagiarised_126.mid
127,plagdet/data/synthetic_dataset/pairs/original\original_127.mid,plagdet/data/synthetic_dataset/pairs/plagiarised\plagiarised_127.mid
128,plagdet/data/synthetic_dataset/pairs/original\original_128.mid,plagdet/data/synthetic_dataset/pairs/plagiarised\plagiarised_128.mid
129,plagdet/data/synthetic_dataset/pairs/original\original_129.mid,plagdet/data/synthetic_dataset/pairs/plagiarised\plagiarised_129.mid
130,plagdet/data/synthetic_dataset/pairs/original\original_130.mid,plagdet/data/synthetic_dataset/pairs/plagiarised\plagiarised_130.mid
131,plagdet/data/synthetic_dataset/pairs/original\original_131.mid,plagdet/data/synthetic_dataset/pairs/plagiarised\plagiarised_131.mid
132,plagdet/data/synthetic_dataset/pairs/original\original_132.mid,plagdet/data/synthetic_dataset/pairs/plagiarised\plagiarised_132.mid
133,plagdet/data/synthetic_dataset/pairs/original\original_133.mid,plagdet/data/synthetic_dataset/pairs/plagiarised\plagiarised_133.mid
134,plagdet/data/synthetic_dataset/pairs/original\original_134.mid,plagdet/data/synthetic_dataset/pairs/plagiarised\plagiarised_134.mid
135,plagdet/data/synthetic_dataset/pairs/original\original_135.mid,plagdet/data/synthetic_dataset/pairs/plagiarised\plagiarised_135.mid
136,plagdet/data/synthetic_dataset/pairs/original\original_136.mid,plagdet/data/synthetic_dataset/pairs/plagiarised\plagiarised_136.mid
137,plagdet/data/synthetic_dataset/pairs/original\original_137.mid,plagdet/data/synthetic_dataset/pairs/plagiarised\plagiarised_137.mid
138,plagdet/data/synthetic_dataset/pairs/original\original_138.mid,plagdet/data/synthetic_dataset/pairs/plagiarised\plagiarised_138.mid
139,plagdet/data/synthetic_dataset/pairs/original\original_139.mid,plagdet/data/synthetic_dataset/pairs/plagiarised\plagiarised_139.mid
140,plagdet/data/synthetic_dataset/pairs/original\original_140.mid,plagdet/data/synthetic_dataset/pairs/plagiarised\plagiarised_140.mid
141,plagdet/data/synthetic_dataset/pairs/original\original_141.mid,plagdet/data/synthetic_dataset/pairs/plagiarised\plagiarised_141.mid
142,plagdet/data/synthetic_dataset/pairs/original\original_142.mid,plagdet/data/synthetic_dataset/pairs/plagiarised\plagiarised_142.mid
143,plagdet/data/synthetic_dataset/pairs/original\original_143.mid,plagdet/data/synthetic_dataset/pairs/plagiarised\plagiarised_143.mid
144,plagdet/data/synthetic_dataset/pairs/original\original_144.mid,plagdet/data/synthetic_dataset/pairs/plagiarised\plagiarised_144.mid
145,plagdet/data/synthetic_dataset/pairs/original\original_145.mid,plagdet/data/synthetic_dataset/pairs/plagiarised\plagiarised_145.mid
146,plagdet/data/synthetic_dataset/pairs/original\original_146.mid,plagdet/data/synthetic_dataset/pairs/plagiarised\plagiarised_146.mid
147,plagdet/data/synthetic_dataset/pairs/original\original_147.mid,plagdet/data/synthetic_dataset/pairs/plagiarised\plagiarised_147.mid
148,plagdet/data/synthetic_dataset/pairs/original\original_148.mid,plagdet/data/synthetic_dataset/pairs/plagiarised\plagiarised_148.mid
149,plagdet/data/synthetic_dataset/pairs/original\original_149.mid,plagdet/data/synthetic_dataset/pairs/plagiarised\plagiarised_149.mid
150,plagdet/data/synthetic_dataset/pairs/original\original_150.mid,plagdet/data/synthetic_dataset/pairs/plagiarised\plagiarised_150.mid
151,plagdet/data/synthetic_dataset/pairs/original\original_151.mid,plagdet/data/synthetic_dataset/pairs/plagiarised\plagiarised_151.mid
152,plagdet/data/synthetic_dataset/pairs/original\original_152.mid,plagdet/data/synthetic_dataset/pairs/plagiarised\plagiarised_152.mid
154,plagdet/data/synthetic_dataset/pairs/original\original_154.mid,plagdet/data/synthetic_dataset/pairs/plagiarised\plagiarised_154.mid
155,plagdet/data/synthetic_dataset/pairs/original\original_155.mid,plagdet/data/synthetic_dataset/pairs/plagiarised\plagiarised_155.mid
156,plagdet/data/synthetic_dataset/pairs/original\original_156.mid,plagdet/data/synthetic_dataset/pairs/plagiarised\plagiarised_156.mid
157,plagdet/data/synthetic_dataset/pairs/original\original_157.mid,plagdet/data/synthetic_dataset/pairs/plagiarised\plagiarised_157.mid
158,plagdet/data/synthetic_dataset/pairs/original\original_158.mid,plagdet/data/synthetic_dataset/pairs/plagiarised\plagiarised_158.mid
159,plagdet/data/synthetic_dataset/pairs/original\original_159.mid,plagdet/data/synthetic_dataset/pairs/plagiarised\plagiarised_159.mid
160,plagdet/data/synthetic_dataset/pairs/original\original_160.mid,plagdet/data/synthetic_dataset/pairs/plagiarised\plagiarised_160.mid
161,plagdet/data/synthetic_dataset/pairs/original\original_161.mid,plagdet/data/synthetic_dataset/pairs/plagiarised\plagiarised_161.mid
162,plagdet/data/synthetic_dataset/pairs/original\original_162.mid,plagdet/data/synthetic_dataset/pairs/plagiarised\plagiarised_162.mid
163,plagdet/data/synthetic_dataset/pairs/original\original_163.mid,plagdet/data/synthetic_dataset/pairs/plagiarised\plagiarised_163.mid
164,plagdet/data/synthetic_dataset/pairs/original\original_164.mid,plagdet/data/synthetic_dataset/pairs/plagiarised\plagiarised_164.mid
165,plagdet/data/synthetic_dataset/pairs/original\original_165.mid,plagdet/data/synthetic_dataset/pairs/plagiarised\plagiarised_165.mid
166,plagdet/data/synthetic_dataset/pairs/original\original_166.mid,plagdet/data/synthetic_dataset/pairs/plagiarised\plagiarised_166.mid
167,plagdet/data/synthetic_dataset/pairs/original\original_167.mid,plagdet/data/synthetic_dataset/pairs/plagiarised\plagiarised_167.mid
168,plagdet/data/synthetic_dataset/pairs/original\original_168.mid,plagdet/data/synthetic_dataset/pairs/plagiarised\plagiarised_168.mid
169,plagdet/data/synthetic_dataset/pairs/original\original_169.mid,plagdet/data/synthetic_dataset/pairs/plagiarised\plagiarised_169.mid
170,plagdet/data/synthetic_dataset/pairs/original\original_170.mid,plagdet/data/synthetic_dataset/pairs/plagiarised\plagiarised_170.mid
171,plagdet/data/synthetic_dataset/pairs/original\original_171.mid,plagdet/data/synthetic_dataset/pairs/plagiarised\plagiarised_171.mid
172,plagdet/data/synthetic_dataset/pairs/original\original_172.mid,plagdet/data/synthetic_dataset/pairs/plagiarised\plagiarised_172.mid
173,plagdet/data/synthetic_dataset/pairs/original\original_173.mid,plagdet/data/synthetic_dataset/pairs/plagiarised\plagiarised_173.mid
174,plagdet/data/synthetic_dataset/pairs/original\original_174.mid,plagdet/data/synthetic_dataset/pairs/plagiarised\plagiarised_174.mid
175,plagdet/data/synthetic_dataset/pairs/original\original_175.mid,plagdet/data/synthetic_dataset/pairs/plagiarised\plagiarised_175.mid
176,plagdet/data/synthetic_dataset/pairs/original\original_176.mid,plagdet/data/synthetic_dataset/pairs/plagiarised\plagiarised_176.mid
177,plagdet/data/synthetic_dataset/pairs/original\original_177.mid,plagdet/data/synthetic_dataset/pairs/plagiarised\plagiarised_177.mid
178,plagdet/data/synthetic_dataset/pairs/original\original_178.mid,plagdet/data/synthetic_dataset/pairs/plagiarised\plagiarised_178.mid
179,plagdet/data/synthetic_dataset/pairs/original\original_179.mid,plagdet/data/synthetic_dataset/pairs/plagiarised\plagiarised_179.mid
180,plagdet/data/synthetic_dataset/pairs/original\original_180.mid,plagdet/data/synthetic_dataset/pairs/plagiarised\plagiarised_180.mid
181,plagdet/data/synthetic_dataset/pairs/original\original_181.mid,plagdet/data/synthetic_dataset/pairs/plagiarised\plagiarised_181.mid
182,plagdet/data/synthetic_dataset/pairs/original\original_182.mid,plagdet/data/synthetic_dataset/pairs/plagiarised\plagiarised_182.mid
183,plagdet/data/synthetic_dataset/pairs/original\original_183.mid,plagdet/data/synthetic_dataset/pairs/plagiarised\plagiarised_183.mid
184,plagdet/data/synthetic_dataset/pairs/original\original_184.mid,plagdet/data/synthetic_dataset/pairs/plagiarised\plagiarised_184.mid
185,plagdet/data/synthetic_dataset/pairs/original\original_185.mid,plagdet/data/synthetic_dataset/pairs/plagiarised\plagiarised_185.mid
186,plagdet/data/synthetic_dataset/pairs/original\original_186.mid,plagdet/data/synthetic_dataset/pairs/plagiarised\plagiarised_186.mid
187,plagdet/data/synthetic_dataset/pairs/original\original_187.mid,plagdet/data/synthetic_dataset/pairs/plagiarised\plagiarised_187.mid
188,plagdet/data/synthetic_dataset/pairs/original\original_188.mid,plagdet/data/synthetic_dataset/pairs/plagiarised\plagiarised_188.mid
189,plagdet/data/synthetic_dataset/pairs/original\original_189.mid,plagdet/data/synthetic_dataset/pairs/plagiarised\plagiarised_189.mid
190,plagdet/data/synthetic_dataset/pairs/original\original_190.mid,plagdet/data/synthetic_dataset/pairs/plagiarised\plagiarised_190.mid
191,plagdet/data/synthetic_dataset/pairs/original\original_191.mid,plagdet/data/synthetic_dataset/pairs/plagiarised\plagiarised_191.mid
192,plagdet/data/synthetic_dataset/pairs/original\original_192.mid,plagdet/data/synthetic_dataset/pairs/plagiarised\plagiarised_192.mid
193,plagdet/data/synthetic_dataset/pairs/original\original_193.mid,plagdet/data/synthetic_dataset/pairs/plagiarised\plagiarised_193.mid
194,plagdet/data/synthetic_dataset/pairs/original\original_194.mid,plagdet/data/synthetic_dataset/pairs/plagiarised\plagiarised_194.mid
195,plagdet/data/synthetic_dataset/pairs/original\original_195.mid,plagdet/data/synthetic_dataset/pairs/plagiarised\plagiarised_195.mid
196,plagdet/data/synthetic_dataset/pairs/original\original_196.mid,plagdet/data/synthetic_dataset/pairs/plagiarised\plagiarised_196.mid
197,plagdet/data/synthetic_dataset/pairs/original\original_197.mid,plagdet/data/synthetic_dataset/pairs/plagiarised\plagiarised_197.mid
198,plagdet/data/synthetic_dataset/pairs/original\original_198.mid,plagdet/data/synthetic_dataset/pairs/plagiarised\plagiarised_198.mid
199,plagdet/data/synthetic_dataset/pairs/original\original_199.mid,plagdet/data/synthetic_dataset/pairs/plagiarised\plagiarised_199.mid
200,plagdet/data/synthetic_dataset/pairs/original\original_200.mid,plagdet/data/synthetic_dataset/pairs/plagiarised\plagiarised_200.mid
201,plagdet/data/synthetic_dataset/pairs/original\original_201.mid,plagdet/data/synthetic_dataset/pairs/plagiarised\plagiarised_201.mid
202,plagdet/data/synthetic_dataset/pairs/original\original_202.mid,plagdet/data/synthetic_dataset/pairs/plagiarised\plagiarised_202.mid
203,plagdet/data/synthetic_dataset/pairs/original\original_203.mid,plagdet/data/synthetic_dataset/pairs/plagiarised\plagiarised_203.mid
204,plagdet/data/synthetic_dataset/pairs/original\original_204.mid,plagdet/data/synthetic_dataset/pairs/plagiarised\plagiarised_204.mid
205,plagdet/data/synthetic_dataset/pairs/original\original_205.mid,plagdet/data/synthetic_dataset/pairs/plagiarised\plagiarised_205.mid
206,plagdet/data/synthetic_dataset/pairs/original\original_206.mid,plagdet/data/synthetic_dataset/pairs/plagiarised\plagiarised_206.mid
207,plagdet/data/synthetic_dataset/pairs/original\original_207.mid,plagdet/data/synthetic_dataset/pairs/plagiarised\plagiarised_207.mid
208,plagdet/data/synthetic_dataset/pairs/original\original_208.mid,plagdet/data/synthetic_dataset/pairs/plagiarised\plagiarised_208.mid
209,plagdet/data/synthetic_dataset/pairs/original\original_209.mid,plagdet/data/synthetic_dataset/pairs/plagiarised\plagiarised_209.mid
210,plagdet/data/synthetic_dataset/pairs/original\original_210.mid,plagdet/data/synthetic_dataset/pairs/plagiarised\plagiarised_210.mid
211,plagdet/data/synthetic_dataset/pairs/original\original_211.mid,plagdet/data/synthetic_dataset/pairs/plagiarised\plagiarised_211.mid
212,plagdet/data/synthetic_dataset/pairs/original\original_212.mid,plagdet/data/synthetic_dataset/pairs/plagiarised\plagiarised_212.mid
213,plagdet/data/synthetic_dataset/pairs/original\original_213.mid,plagdet/data/synthetic_dataset/pairs/plagiarised\plagiarised_213.mid
214,plagdet/data/synthetic_dataset/pairs/original\original_214.mid,plagdet/data/synthetic_dataset/pairs/plagiarised\plagiarised_214.mid
215,plagdet/data/synthetic_dataset/pairs/original\original_215.mid,plagdet/data/synthetic_dataset/pairs/plagiarised\plagiarised_215.mid
216,plagdet/data/synthetic_dataset/pairs/original\original_216.mid,plagdet/data/synthetic_dataset/pairs/plagiarised\plagiarised_216.mid
217,plagdet/data/synthetic_dataset/pairs/original\original_217.mid,plagdet/data/synthetic_dataset/pairs/plagiarised\plagiarised_217.mid
218,plagdet/data/synthetic_dataset/pairs/original\original_218.mid,plagdet/data/synthetic_dataset/pairs/plagiarised\plagiarised_218.mid
219,plagdet/data/synthetic_dataset/pairs/original\original_219.mid,plagdet/data/synthetic_dataset/pairs/plagiarised\plagiarised_219.mid
220,plagdet/data/synthetic_dataset/pairs/original\original_220.mid,plagdet/data/synthetic_dataset/pairs/plagiarised\plagiarised_220.mid
221,plagdet/data/synthetic_dataset/pairs/original\original_221.mid,plagdet/data/synthetic_dataset/pairs/plagiarised\plagiarised_221.mid
222,plagdet/data/synthetic_dataset/pairs/original\original_222.mid,plagdet/data/synthetic_dataset/pairs/plagiarised\plagiarised_222.mid
223,plagdet/data/synthetic_dataset/pairs/original\original_223.mid,plagdet/data/synthetic_dataset/pairs/plagiarised\plagiarised_223.mid
224,plagdet/data/synthetic_dataset/pairs/original\original_224.mid,plagdet/data/synthetic_dataset/pairs/plagiarised\plagiarised_224.mid
225,plagdet/data/synthetic_dataset/pairs/original\original_225.mid,plagdet/data/synthetic_dataset/pairs/plagiarised\plagiarised_225.mid
226,plagdet/data/synthetic_dataset/pairs/original\original_226.mid,plagdet/data/synthetic_dataset/pairs/plagiarised\plagiarised_226.mid
227,plagdet/data/synthetic_dataset/pairs/original\original_227.mid,plagdet/data/synthetic_dataset/pairs/plagiarised\plagiarised_227.mid
228,plagdet/data/synthetic_dataset/pairs/original\original_228.mid,plagdet/data/synthetic_dataset/pairs/plagiarised\plagiarised_228.mid
229,plagdet/data/synthetic_dataset/pairs/original\original_229.mid,plagdet/data/synthetic_dataset/pairs/plagiarised\plagiarised_229.mid
230,plagdet/data/synthetic_dataset/pairs/original\original_230.mid,plagdet/data/synthetic_dataset/pairs/plagiarised\plagiarised_230.mid
231,plagdet/data/synthetic_dataset/pairs/original\original_231.mid,plagdet/data/synthetic_dataset/pairs/plagiarised\plagiarised_231.mid
232,plagdet/data/synthetic_dataset/pairs/original\original_232.mid,plagdet/data/synthetic_dataset/pairs/plagiarised\plagiarised_232.mid
233,plagdet/data/synthetic_dataset/pairs/original\original_233.mid,plagdet/data/synthetic_dataset/pairs/plagiarised\plagiarised_233.mid
234,plagdet/data/synthetic_dataset/pairs/original\original_234.mid,plagdet/data/synthetic_dataset/pairs/plagiarised\plagiarised_234.mid
235,plagdet/data/synthetic_dataset/pairs/original\original_235.mid,plagdet/data/synthetic_dataset/pairs/plagiarised\plagiarised_235.mid
236,plagdet/data/synthetic_dataset/pairs/original\original_236.mid,plagdet/data/synthetic_dataset/pairs/plagiarised\plagiarised_236.mid
237,plagdet/data/synthetic_dataset/pairs/original\original_237.mid,plagdet/data/synthetic_dataset/pairs/plagiarised\plagiarised_237.mid
238,plagdet/data/synthetic_dataset/pairs/original\original_238.mid,plagdet/data/synthetic_dataset/pairs/plagiarised\plagiarised_238.mid
239,plagdet/data/synthetic_dataset/pairs/original\original_239.mid,plagdet/data/synthetic_dataset/pairs/plagiarised\plagiarised_239.mid
240,plagdet/data/synthetic_dataset/pairs/original\original_240.mid,plagdet/data/synthetic_dataset/pairs/plagiarised\plagiarised_240.mid
241,plagdet/data/synthetic_dataset/pairs/original\original_241.mid,plagdet/data/synthetic_dataset/pairs/plagiarised\plagiarised_241.mid
242,plagdet/data/synthetic_dataset/pairs/original\original_242.mid,plagdet/data/synthetic_dataset/pairs/plagiarised\plagiarised_242.mid
243,plagdet/data/synthetic_dataset/pairs/original\original_243.mid,plagdet/data/synthetic_dataset/pairs/plagiarised\plagiarised_243.mid
244,plagdet/data/synthetic_dataset/pairs/original\original_244.mid,plagdet/data/synthetic_dataset/pairs/plagiarised\plagiarised_244.mid
245,plagdet/data/synthetic_dataset/pairs/original\original_245.mid,plagdet/data/synthetic_dataset/pairs/plagiarised\plagiarised_245.mid
246,plagdet/data/synthetic_dataset/pairs/original\original_246.mid,plagdet/data/synthetic_dataset/pairs/plagiarised\plagiarised_246.mid
247,plagdet/data/synthetic_dataset/pairs/original\original_247.mid,plagdet/data/synthetic_dataset/pairs/plagiarised\plagiarised_247.mid
248,plagdet/data/synthetic_dataset/pairs/original\original_248.mid,plagdet/data/synthetic_dataset/pairs/plagiarised\plagiarised_248.mid
249,plagdet/data/synthetic_dataset/pairs/original\original_249.mid,plagdet/data/synthetic_dataset/pairs/plagiarised\plagiarised_249.mid
250,plagdet/data/synthetic_dataset/pairs/original\original_250.mid,plagdet/data/synthetic_dataset/pairs/plagiarised\plagiarised_250.mid
251,plagdet/data/synthetic_dataset/pairs/original\original_251.mid,plagdet/data/synthetic_dataset/pairs/plagiarised\plagiarised_251.mid
252,plagdet/data/synthetic_dataset/pairs/original\original_252.mid,plagdet/data/synthetic_dataset/pairs/plagiarised\plagiarised_252.mid
253,plagdet/data/synthetic_dataset/pairs/original\original_253.mid,plagdet/data/synthetic_dataset/pairs/plagiarised\plagiarised_253.mid
254,plagdet/data/synthetic_dataset/pairs/original\original_254.mid,plagdet/data/synthetic_dataset/pairs/plagiarised\plagiarised_254.mid
255,plagdet/data/synthetic_dataset/pairs/original\original_255.mid,plagdet/data/synthetic_dataset/pairs/plagiarised\plagiarised_255.mid
256,plagdet/data/synthetic_dataset/pairs/original\original_256.mid,plagdet/data/synthetic_dataset/pairs/plagiarised\plagiarised_256.mid
257,plagdet/data/synthetic_dataset/pairs/original\original_257.mid,plagdet/data/synthetic_dataset/pairs/plagiarised\plagiarised_257.mid
258,plagdet/data/synthetic_dataset/pairs/original\original_258.mid,plagdet/data/synthetic_dataset/pairs/plagiarised\plagiarised_258.mid
259,plagdet/data/synthetic_dataset/pairs/original\original_259.mid,plagdet/data/synthetic_dataset/pairs/plagiarised\plagiarised_259.mid
260,plagdet/data/synthetic_dataset/pairs/original\original_260.mid,plagdet/data/synthetic_dataset/pairs/plagiarised\plagiarised_260.mid
261,plagdet/data/synthetic_dataset/pairs/original\original_261.mid,plagdet/data/synthetic_dataset/pairs/plagiarised\plagiarised_261.mid
262,plagdet/data/synthetic_dataset/pairs/original\original_262.mid,plagdet/data/synthetic_dataset/pairs/plagiarised\plagiarised_262.mid
263,plagdet/data/synthetic_dataset/pairs/original\original_263.mid,plagdet/data/synthetic_dataset/pairs/plagiarised\plagiarised_263.mid
264,plagdet/data/synthetic_dataset/pairs/original\original_264.mid,plagdet/data/synthetic_dataset/pairs/plagiarised\plagiarised_264.mid
265,plagdet/data/synthetic_dataset/pairs/original\original_265.mid,plagdet/data/synthetic_dataset/pairs/plagiarised\plagiarised_265.mid
266,plagdet/data/synthetic_dataset/pairs/original\original_266.mid,plagdet/data/synthetic_dataset/pairs/plagiarised\plagiarised_266.mid
267,plagdet/data/synthetic_dataset/pairs/original\original_267.mid,plagdet/data/synthetic_dataset/pairs/plagiarised\plagiarised_267.mid
268,plagdet/data/synthetic_dataset/pairs/original\original_268.mid,plagdet/data/synthetic_dataset/pairs/plagiarised\plagiarised_268.mid
269,plagdet/data/synthetic_dataset/pairs/original\original_269.mid,plagdet/data/synthetic_dataset/pairs/plagiarised\plagiarised_269.mid
270,plagdet/data/synthetic_dataset/pairs/original\original_270.mid,plagdet/data/synthetic_dataset/pairs/plagiarised\plagiarised_270.mid
271,plagdet/data/synthetic_dataset/pairs/original\original_271.mid,plagdet/data/synthetic_dataset/pairs/plagiarised\plagiarised_271.mid
272,plagdet/data/synthetic_dataset/pairs/original\original_272.mid,plagdet/data/synthetic_dataset/pairs/plagiarised\plagiarised_272.mid
273,plagdet/data/synthetic_dataset/pairs/original\original_273.mid,plagdet/data/synthetic_dataset/pairs/plagiarised\plagiarised_273.mid
274,plagdet/data/synthetic_dataset/pairs/original\original_274.mid,plagdet/data/synthetic_dataset/pairs/plagiarised\plagiarised_274.mid
275,plagdet/data/synthetic_dataset/pairs/original\original_275.mid,plagdet/data/synthetic_dataset/pairs/plagiarised\plagiarised_275.mid
276,plagdet/data/synthetic_dataset/pairs/original\original_276.mid,plagdet/data/synthetic_dataset/pairs/plagiarised\plagiarised_276.mid
277,plagdet/data/synthetic_dataset/pairs/original\original_277.mid,plagdet/data/synthetic_dataset/pairs/plagiarised\plagiarised_277.mid
278,plagdet/data/synthetic_dataset/pairs/original\original_278.mid,plagdet/data/synthetic_dataset/pairs/plagiarised\plagiarised_278.mid
279,plagdet/data/synthetic_dataset/pairs/original\original_279.mid,plagdet/data/synthetic_dataset/pairs/plagiarised\plagiarised_279.mid
280,plagdet/data/synthetic_dataset/pairs/original\original_280.mid,plagdet/data/synthetic_dataset/pairs/plagiarised\plagiarised_280.mid
281,plagdet/data/synthetic_dataset/pairs/original\original_281.mid,plagdet/data/synthetic_dataset/pairs/plagiarised\plagiarised_281.mid
282,plagdet/data/synthetic_dataset/pairs/original\original_282.mid,plagdet/data/synthetic_dataset/pairs/plagiarised\plagiarised_282.mid
283,plagdet/data/synthetic_dataset/pairs/original\original_283.mid,plagdet/data/synthetic_dataset/pairs/plagiarised\plagiarised_283.mid
284,plagdet/data/synthetic_dataset/pairs/original\original_284.mid,plagdet/data/synthetic_dataset/pairs/plagiarised\plagiarised_284.mid
285,plagdet/data/synthetic_dataset/pairs/original\original_285.mid,plagdet/data/synthetic_dataset/pairs/plagiarised\plagiarised_285.mid
286,plagdet/data/synthetic_dataset/pairs/original\original_286.mid,plagdet/data/synthetic_dataset/pairs/plagiarised\plagiarised_286.mid
287,plagdet/data/synthetic_dataset/pairs/original\original_287.mid,plagdet/data/synthetic_dataset/pairs/plagiarised\plagiarised_287.mid
288,plagdet/data/synthetic_dataset/pairs/original\original_288.mid,plagdet/data/synthetic_dataset/pairs/plagiarised\plagiarised_288.mid
289,plagdet/data/synthetic_dataset/pairs/original\original_289.mid,plagdet/data/synthetic_dataset/pairs/plagiarised\plagiarised_289.mid
290,plagdet/data/synthetic_dataset/pairs/original\original_290.mid,plagdet/data/synthetic_dataset/pairs/plagiarised\plagiarised_290.mid
291,plagdet/data/synthetic_dataset/pairs/original\original_291.mid,plagdet/data/synthetic_dataset/pairs/plagiarised\plagiarised_291.mid
292,plagdet/data/synthetic_dataset/pairs/original\original_292.mid,plagdet/data/synthetic_dataset/pairs/plagiarised\plagiarised_292.mid
293,plagdet/data/synthetic_dataset/pairs/original\original_293.mid,plagdet/data/synthetic_dataset/pairs/plagiarised\plagiarised_293.mid
294,plagdet/data/synthetic_dataset/pairs/original\original_294.mid,plagdet/data/synthetic_dataset/pairs/plagiarised\plagiarised_294.mid
295,plagdet/data/synthetic_dataset/pairs/original\original_295.mid,plagdet/data/synthetic_dataset/pairs/plagiarised\plagiarised_295.mid
296,plagdet/data/synthetic_dataset/pairs/original\original_296.mid,plagdet/data/synthetic_dataset/pairs/plagiarised\plagiarised_296.mid
297,plagdet/data/synthetic_dataset/pairs/original\original_297.mid,plagdet/data/synthetic_dataset/pairs/plagiarised\plagiarised_297.mid
298,plagdet/data/synthetic_dataset/pairs/original\original_298.mid,plagdet/data/synthetic_dataset/pairs/plagiarised\plagiarised_298.mid
299,plagdet/data/synthetic_dataset/pairs/original\original_299.mid,plagdet/data/synthetic_dataset/pairs/plagiarised\plagiarised_299.mid
300,plagdet/data/synthetic_dataset/pairs/original\original_300.mid,plagdet/data/synthetic_dataset/pairs/plagiarised\plagiarised_300.mid
301,plagdet/data/synthetic_dataset/pairs/original\original_301.mid,plagdet/data/synthetic_dataset/pairs/plagiarised\plagiarised_301.mid
302,plagdet/data/synthetic_dataset/pairs/original\original_302.mid,plagdet/data/synthetic_dataset/pairs/plagiarised\plagiarised_302.mid
303,plagdet/data/synthetic_dataset/pairs/original\original_303.mid,plagdet/data/synthetic_dataset/pairs/plagiarised\plagiarised_303.mid
304,plagdet/data/synthetic_dataset/pairs/original\original_304.mid,plagdet/data/synthetic_dataset/pairs/plagiarised\plagiarised_304.mid
305,plagdet/data/synthetic_dataset/pairs/original\original_305.mid,plagdet/data/synthetic_dataset/pairs/plagiarised\plagiarised_305.mid
306,plagdet/data/synthetic_dataset/pairs/original\original_306.mid,plagdet/data/synthetic_dataset/pairs/plagiarised\plagiarised_306.mid
307,plagdet/data/synthetic_dataset/pairs/original\original_307.mid,plagdet/data/synthetic_dataset/pairs/plagiarised\plagiarised_307.mid
308,plagdet/data/synthetic_dataset/pairs/original\original_308.mid,plagdet/data/synthetic_dataset/pairs/plagiarised\plagiarised_308.mid
309,plagdet/data/synthetic_dataset/pairs/original\original_309.mid,plagdet/data/synthetic_dataset/pairs/plagiarised\plagiarised_309.mid
310,plagdet/data/synthetic_dataset/pairs/original\original_310.mid,plagdet/data/synthetic_dataset/pairs/plagiarised\plagiarised_310.mid
311,plagdet/data/synthetic_dataset/pairs/original\original_311.mid,plagdet/data/synthetic_dataset/pairs/plagiarised\plagiarised_311.mid
312,plagdet/data/synthetic_dataset/pairs/original\original_312.mid,plagdet/data/synthetic_dataset/pairs/plagiarised\plagiarised_312.mid
313,plagdet/data/synthetic_dataset/pairs/original\original_313.mid,plagdet/data/synthetic_dataset/pairs/plagiarised\plagiarised_313.mid
314,plagdet/data/synthetic_dataset/pairs/original\original_314.mid,plagdet/data/synthetic_dataset/pairs/plagiarised\plagiarised_314.mid
315,plagdet/data/synthetic_dataset/pairs/original\original_315.mid,plagdet/data/synthetic_dataset/pairs/plagiarised\plagiarised_315.mid
316,plagdet/data/synthetic_dataset/pairs/original\original_316.mid,plagdet/data/synthetic_dataset/pairs/plagiarised\plagiarised_316.mid
317,plagdet/data/synthetic_dataset/pairs/original\original_317.mid,plagdet/data/synthetic_dataset/pairs/plagiarised\plagiarised_317.mid
318,plagdet/data/synthetic_dataset/pairs/original\original_318.mid,plagdet/data/synthetic_dataset/pairs/plagiarised\plagiarised_318.mid
319,plagdet/data/synthetic_dataset/pairs/original\original_319.mid,plagdet/data/synthetic_dataset/pairs/plagiarised\plagiarised_319.mid
320,plagdet/data/synthetic_dataset/pairs/original\original_320.mid,plagdet/data/synthetic_dataset/pairs/plagiarised\plagiarised_320.mid
321,plagdet/data/synthetic_dataset/pairs/original\original_321.mid,plagdet/data/synthetic_dataset/pairs/plagiarised\plagiarised_321.mid
322,plagdet/data/synthetic_dataset/pairs/original\original_322.mid,plagdet/data/synthetic_dataset/pairs/plagiarised\plagiarised_322.mid
323,plagdet/data/synthetic_dataset/pairs/original\original_323.mid,plagdet/data/synthetic_dataset/pairs/plagiarised\plagiarised_323.mid
324,plagdet/data/synthetic_dataset/pairs/original\original_324.mid,plagdet/data/synthetic_dataset/pairs/plagiarised\plagiarised_324.mid
325,plagdet/data/synthetic_dataset/pairs/original\original_325.mid,plagdet/data/synthetic_dataset/pairs/plagiarised\plagiarised_325.mid
326,plagdet/data/synthetic_dataset/pairs/original\original_326.mid,plagdet/data/synthetic_dataset/pairs/plagiarised\plagiarised_326.mid
327,plagdet/data/synthetic_dataset/pairs/original\original_327.mid,plagdet/data/synthetic_dataset/pairs/plagiarised\plagiarised_327.mid
328,plagdet/data/synthetic_dataset/pairs/original\original_328.mid,plagdet/data/synthetic_dataset/pairs/plagiarised\plagiarised_328.mid
329,plagdet/data/synthetic_dataset/pairs/original\original_329.mid,plagdet/data/synthetic_dataset/pairs/plagiarised\plagiarised_329.mid
330,plagdet/data/synthetic_dataset/pairs/original\original_330.mid,plagdet/data/synthetic_dataset/pairs/plagiarised\plagiarised_330.mid
331,plagdet/data/synthetic_dataset/pairs/original\original_331.mid,plagdet/data/synthetic_dataset/pairs/plagiarised\plagiarised_331.mid
332,plagdet/data/synthetic_dataset/pairs/original\original_332.mid,plagdet/data/synthetic_dataset/pairs/plagiarised\plagiarised_332.mid
333,plagdet/data/synthetic_dataset/pairs/original\original_333.mid,plagdet/data/synthetic_dataset/pairs/plagiarised\plagiarised_333.mid
334,plagdet/data/synthetic_dataset/pairs/original\original_334.mid,plagdet/data/synthetic_dataset/pairs/plagiarised\plagiarised_334.mid
335,plagdet/data/synthetic_dataset/pairs/original\original_335.mid,plagdet/data/synthetic_dataset/pairs/plagiarised\plagiarised_335.mid
336,plagdet/data/synthetic_dataset/pairs/original\original_336.mid,plagdet/data/synthetic_dataset/pairs/plagiarised\plagiarised_336.mid
337,plagdet/data/synthetic_dataset/pairs/original\original_337.mid,plagdet/data/synthetic_dataset/pairs/plagiarised\plagiarised_337.mid
338,plagdet/data/synthetic_dataset/pairs/original\original_338.mid,plagdet/data/synthetic_dataset/pairs/plagiarised\plagiarised_338.mid
339,plagdet/data/synthetic_dataset/pairs/original\original_339.mid,plagdet/data/synthetic_dataset/pairs/plagiarised\plagiarised_339.mid
340,plagdet/data/synthetic_dataset/pairs/original\original_340.mid,plagdet/data/synthetic_dataset/pairs/plagiarised\plagiarised_340.mid
341,plagdet/data/synthetic_dataset/pairs/original\original_341.mid,plagdet/data/synthetic_dataset/pairs/plagiarised\plagiarised_341.mid
342,plagdet/data/synthetic_dataset/pairs/original\original_342.mid,plagdet/data/synthetic_dataset/pairs/plagiarised\plagiarised_342.mid
343,plagdet/data/synthetic_dataset/pairs/original\original_343.mid,plagdet/data/synthetic_dataset/pairs/plagiarised\plagiarised_343.mid
344,plagdet/data/synthetic_dataset/pairs/original\original_344.mid,plagdet/data/synthetic_dataset/pairs/plagiarised\plagiarised_344.mid
345,plagdet/data/synthetic_dataset/pairs/original\original_345.mid,plagdet/data/synthetic_dataset/pairs/plagiarised\plagiarised_345.mid
346,plagdet/data/synthetic_dataset/pairs/original\original_346.mid,plagdet/data/synthetic_dataset/pairs/plagiarised\plagiarised_346.mid
347,plagdet/data/synthetic_dataset/pairs/original\original_347.mid,plagdet/data/synthetic_dataset/pairs/plagiarised\plagiarised_347.mid
348,plagdet/data/synthetic_dataset/pairs/original\original_348.mid,plagdet/data/synthetic_dataset/pairs/plagiarised\plagiarised_348.mid
349,plagdet/data/synthetic_dataset/pairs/original\original_349.mid,plagdet/data/synthetic_dataset/pairs/plagiarised\plagiarised_349.mid
350,plagdet/data/synthetic_dataset/pairs/original\original_350.mid,plagdet/data/synthetic_dataset/pairs/plagiarised\plagiarised_350.mid
351,plagdet/data/synthetic_dataset/pairs/original\original_351.mid,plagdet/data/synthetic_dataset/pairs/plagiarised\plagiarised_351.mid
352,plagdet/data/synthetic_dataset/pairs/original\original_352.mid,plagdet/data/synthetic_dataset/pairs/plagiarised\plagiarised_352.mid
353,plagdet/data/synthetic_dataset/pairs/original\original_353.mid,plagdet/data/synthetic_dataset/pairs/plagiarised\plagiarised_353.mid
354,plagdet/data/synthetic_dataset/pairs/original\original_354.mid,plagdet/data/synthetic_dataset/pairs/plagiarised\plagiarised_354.mid
355,plagdet/data/synthetic_dataset/pairs/original\original_355.mid,plagdet/data/synthetic_dataset/pairs/plagiarised\plagiarised_355.mid
356,plagdet/data/synthetic_dataset/pairs/original\original_356.mid,plagdet/data/synthetic_dataset/pairs/plagiarised\plagiarised_356.mid
357,plagdet/data/synthetic_dataset/pairs/original\original_357.mid,plagdet/data/synthetic_dataset/pairs/plagiarised\plagiarised_357.mid
358,plagdet/data/synthetic_dataset/pairs/original\original_358.mid,plagdet/data/synthetic_dataset/pairs/plagiarised\plagiarised_358.mid
359,plagdet/data/synthetic_dataset/pairs/original\original_359.mid,plagdet/data/synthetic_dataset/pairs/plagiarised\plagiarised_359.mid
360,plagdet/data/synthetic_dataset/pairs/original\original_360.mid,plagdet/data/synthetic_dataset/pairs/plagiarised\plagiarised_360.mid
361,plagdet/data/synthetic_dataset/pairs/original\original_361.mid,plagdet/data/synthetic_dataset/pairs/plagiarised\plagiarised_361.mid
362,plagdet/data/synthetic_dataset/pairs/original\original_362.mid,plagdet/data/synthetic_dataset/pairs/plagiarised\plagiarised_362.mid
363,plagdet/data/synthetic_dataset/pairs/original\original_363.mid,plagdet/data/synthetic_dataset/pairs/plagiarised\plagiarised_363.mid
364,plagdet/data/synthetic_dataset/pairs/original\original_364.mid,plagdet/data/synthetic_dataset/pairs/plagiarised\plagiarised_364.mid
365,plagdet/data/synthetic_dataset/pairs/original\original_365.mid,plagdet/data/synthetic_dataset/pairs/plagiarised\plagiarised_365.mid
366,plagdet/data/synthetic_dataset/pairs/original\original_366.mid,plagdet/data/synthetic_dataset/pairs/plagiarised\plagiarised_366.mid
367,plagdet/data/synthetic_dataset/pairs/original\original_367.mid,plagdet/data/synthetic_dataset/pairs/plagiarised\plagiarised_367.mid
368,plagdet/data/synthetic_dataset/pairs/original\original_368.mid,plagdet/data/synthetic_dataset/pairs/plagiarised\plagiarised_368.mid
369,plagdet/data/synthetic_dataset/pairs/original\original_369.mid,plagdet/data/synthetic_dataset/pairs/plagiarised\plagiarised_369.mid
370,plagdet/data/synthetic_dataset/pairs/original\original_370.mid,plagdet/data/synthetic_dataset/pairs/plagiarised\plagiarised_370.mid
371,plagdet/data/synthetic_dataset/pairs/original\original_371.mid,plagdet/data/synthetic_dataset/pairs/plagiarised\plagiarised_371.mid
372,plagdet/data/synthetic_dataset/pairs/original\original_372.mid,plagdet/data/synthetic_dataset/pairs/plagiarised\plagiarised_372.mid
373,plagdet/data/synthetic_dataset/pairs/original\original_373.mid,plagdet/data/synthetic_dataset/pairs/plagiarised\plagiarised_373.mid
374,plagdet/data/synthetic_dataset/pairs/original\original_374.mid,plagdet/data/synthetic_dataset/pairs/plagiarised\plagiarised_374.mid
375,plagdet/data/synthetic_dataset/pairs/original\original_375.mid,plagdet/data/synthetic_dataset/pairs/plagiarised\plagiarised_375.mid
376,plagdet/data/synthetic_dataset/pairs/original\original_376.mid,plagdet/data/synthetic_dataset/pairs/plagiarised\plagiarised_376.mid
377,plagdet/data/synthetic_dataset/pairs/original\original_377.mid,plagdet/data/synthetic_dataset/pairs/plagiarised\plagiarised_377.mid
378,plagdet/data/synthetic_dataset/pairs/original\original_378.mid,plagdet/data/synthetic_dataset/pairs/plagiarised\plagiarised_378.mid
379,plagdet/data/synthetic_dataset/pairs/original\original_379.mid,plagdet/data/synthetic_dataset/pairs/plagiarised\plagiarised_379.mid
380,plagdet/data/synthetic_dataset/pairs/original\original_380.mid,plagdet/data/synthetic_dataset/pairs/plagiarised\plagiarised_380.mid
381,plagdet/data/synthetic_dataset/pairs/original\original_381.mid,plagdet/data/synthetic_dataset/pairs/plagiarised\plagiarised_381.mid
382,plagdet/data/synthetic_dataset/pairs/original\original_382.mid,plagdet/data/synthetic_dataset/pairs/plagiarised\plagiarised_382.mid
383,plagdet/data/synthetic_dataset/pairs/original\original_383.mid,plagdet/data/synthetic_dataset/pairs/plagiarised\plagiarised_383.mid
384,plagdet/data/synthetic_dataset/pairs/original\original_384.mid,plagdet/data/synthetic_dataset/pairs/plagiarised\plagiarised_384.mid
385,plagdet/data/synthetic_dataset/pairs/original\original_385.mid,plagdet/data/synthetic_dataset/pairs/plagiarised\plagiarised_385.mid
386,plagdet/data/synthetic_dataset/pairs/original\original_386.mid,plagdet/data/synthetic_dataset/pairs/plagiarised\plagiarised_386.mid
387,plagdet/data/synthetic_dataset/pairs/original\original_387.mid,plagdet/data/synthetic_dataset/pairs/plagiarised\plagiarised_387.mid
388,plagdet/data/synthetic_dataset/pairs/original\original_388.mid,plagdet/data/synthetic_dataset/pairs/plagiarised\plagiarised_388.mid
389,plagdet/data/synthetic_dataset/pairs/original\original_389.mid,plagdet/data/synthetic_dataset/pairs/plagiarised\plagiarised_389.mid
390,plagdet/data/synthetic_dataset/pairs/original\original_390.mid,plagdet/data/synthetic_dataset/pairs/plagiarised\plagiarised_390.mid
391,plagdet/data/synthetic_dataset/pairs/original\original_391.mid,plagdet/data/synthetic_dataset/pairs/plagiarised\plagiarised_391.mid
392,plagdet/data/synthetic_dataset/pairs/original\original_392.mid,plagdet/data/synthetic_dataset/pairs/plagiarised\plagiarised_392.mid
393,plagdet/data/synthetic_dataset/pairs/original\original_393.mid,plagdet/data/synthetic_dataset/pairs/plagiarised\plagiarised_393.mid
394,plagdet/data/synthetic_dataset/pairs/original\original_394.mid,plagdet/data/synthetic_dataset/pairs/plagiarised\plagiarised_394.mid
395,plagdet/data/synthetic_dataset/pairs/original\original_395.mid,plagdet/data/synthetic_dataset/pairs/plagiarised\plagiarised_395.mid
396,plagdet/data/synthetic_dataset/pairs/original\original_396.mid,plagdet/data/synthetic_dataset/pairs/plagiarised\plagiarised_396.mid
397,plagdet/data/synthetic_dataset/pairs/original\original_397.mid,plagdet/data/synthetic_dataset/pairs/plagiarised\plagiarised_397.mid
398,plagdet/data/synthetic_dataset/pairs/original\original_398.mid,plagdet/data/synthetic_dataset/pairs/plagiarised\plagiarised_398.mid
399,plagdet/data/synthetic_dataset/pairs/original\original_399.mid,plagdet/data/synthetic_dataset/pairs/plagiarised\plagiarised_399.mid
400,plagdet/data/synthetic_dataset/pairs/original\original_400.mid,plagdet/data/synthetic_dataset/pairs/plagiarised\plagiarised_400.mid
401,plagdet/data/synthetic_dataset/pairs/original\original_401.mid,plagdet/data/synthetic_dataset/pairs/plagiarised\plagiarised_401.mid
402,plagdet/data/synthetic_dataset/pairs/original\original_402.mid,plagdet/data/synthetic_dataset/pairs/plagiarised\plagiarised_402.mid
403,plagdet/data/synthetic_dataset/pairs/original\original_403.mid,plagdet/data/synthetic_dataset/pairs/plagiarised\plagiarised_403.mid
404,plagdet/data/synthetic_dataset/pairs/original\original_404.mid,plagdet/data/synthetic_dataset/pairs/plagiarised\plagiarised_404.mid
405,plagdet/data/synthetic_dataset/pairs/original\original_405.mid,plagdet/data/synthetic_dataset/pairs/plagiarised\plagiarised_405.mid
406,plagdet/data/synthetic_dataset/pairs/original\original_406.mid,plagdet/data/synthetic_dataset/pairs/plagiarised\plagiarised_406.mid
407,plagdet/data/synthetic_dataset/pairs/original\original_407.mid,plagdet/data/synthetic_dataset/pairs/plagiarised\plagiarised_407.mid
408,plagdet/data/synthetic_dataset/pairs/original\original_408.mid,plagdet/data/synthetic_dataset/pairs/plagiarised\plagiarised_408.mid
409,plagdet/data/synthetic_dataset/pairs/original\original_409.mid,plagdet/data/synthetic_dataset/pairs/plagiarised\plagiarised_409.mid
410,plagdet/data/synthetic_dataset/pairs/original\original_410.mid,plagdet/data/synthetic_dataset/pairs/plagiarised\plagiarised_410.mid
411,plagdet/data/synthetic_dataset/pairs/original\original_411.mid,plagdet/data/synthetic_dataset/pairs/plagiarised\plagiarised_411.mid
412,plagdet/data/synthetic_dataset/pairs/original\original_412.mid,plagdet/data/synthetic_dataset/pairs/plagiarised\plagiarised_412.mid
413,plagdet/data/synthetic_dataset/pairs/original\original_413.mid,plagdet/data/synthetic_dataset/pairs/plagiarised\plagiarised_413.mid
414,plagdet/data/synthetic_dataset/pairs/original\original_414.mid,plagdet/data/synthetic_dataset/pairs/plagiarised\plagiarised_414.mid
415,plagdet/data/synthetic_dataset/pairs/original\original_415.mid,plagdet/data/synthetic_dataset/pairs/plagiarised\plagiarised_415.mid
416,plagdet/data/synthetic_dataset/pairs/original\original_416.mid,plagdet/data/synthetic_dataset/pairs/plagiarised\plagiarised_416.mid
417,plagdet/data/synthetic_dataset/pairs/original\original_417.mid,plagdet/data/synthetic_dataset/pairs/plagiarised\plagiarised_417.mid
418,plagdet/data/synthetic_dataset/pairs/original\original_418.mid,plagdet/data/synthetic_dataset/pairs/plagiarised\plagiarised_418.mid
419,plagdet/data/synthetic_dataset/pairs/original\original_419.mid,plagdet/data/synthetic_dataset/pairs/plagiarised\plagiarised_419.mid
420,plagdet/data/synthetic_dataset/pairs/original\original_420.mid,plagdet/data/synthetic_dataset/pairs/plagiarised\plagiarised_420.mid
421,plagdet/data/synthetic_dataset/pairs/original\original_421.mid,plagdet/data/synthetic_dataset/pairs/plagiarised\plagiarised_421.mid
422,plagdet/data/synthetic_dataset/pairs/original\original_422.mid,plagdet/data/synthetic_dataset/pairs/plagiarised\plagiarised_422.mid
423,plagdet/data/synthetic_dataset/pairs/original\original_423.mid,plagdet/data/synthetic_dataset/pairs/plagiarised\plagiarised_423.mid
424,plagdet/data/synthetic_dataset/pairs/original\original_424.mid,plagdet/data/synthetic_dataset/pairs/plagiarised\plagiarised_424.mid
425,plagdet/data/synthetic_dataset/pairs/original\original_425.mid,plagdet/data/synthetic_dataset/pairs/plagiarised\plagiarised_425.mid
426,plagdet/data/synthetic_dataset/pairs/original\original_426.mid,plagdet/data/synthetic_dataset/pairs/plagiarised\plagiarised_426.mid
427,plagdet/data/synthetic_dataset/pairs/original\original_427.mid,plagdet/data/synthetic_dataset/pairs/plagiarised\plagiarised_427.mid
428,plagdet/data/synthetic_dataset/pairs/original\original_428.mid,plagdet/data/synthetic_dataset/pairs/plagiarised\plagiarised_428.mid
429,plagdet/data/synthetic_dataset/pairs/original\original_429.mid,plagdet/data/synthetic_dataset/pairs/plagiarised\plagiarised_429.mid
430,plagdet/data/synthetic_dataset/pairs/original\original_430.mid,plagdet/data/synthetic_dataset/pairs/plagiarised\plagiarised_430.mid
431,plagdet/data/synthetic_dataset/pairs/original\original_431.mid,plagdet/data/synthetic_dataset/pairs/plagiarised\plagiarised_431.mid
432,plagdet/data/synthetic_dataset/pairs/original\original_432.mid,plagdet/data/synthetic_dataset/pairs/plagiarised\plagiarised_432.mid
433,plagdet/data/synthetic_dataset/pairs/original\original_433.mid,plagdet/data/synthetic_dataset/pairs/plagiarised\plagiarised_433.mid
434,plagdet/data/synthetic_dataset/pairs/original\original_434.mid,plagdet/data/synthetic_dataset/pairs/plagiarised\plagiarised_434.mid
435,plagdet/data/synthetic_dataset/pairs/original\original_435.mid,plagdet/data/synthetic_dataset/pairs/plagiarised\plagiarised_435.mid
436,plagdet/data/synthetic_dataset/pairs/original\original_436.mid,plagdet/data/synthetic_dataset/pairs/plagiarised\plagiarised_436.mid
437,plagdet/data/synthetic_dataset/pairs/original\original_437.mid,plagdet/data/synthetic_dataset/pairs/plagiarised\plagiarised_437.mid
438,plagdet/data/synthetic_dataset/pairs/original\original_438.mid,plagdet/data/synthetic_dataset/pairs/plagiarised\plagiarised_438.mid
439,plagdet/data/synthetic_dataset/pairs/original\original_439.mid,plagdet/data/synthetic_dataset/pairs/plagiarised\plagiarised_439.mid
440,plagdet/data/synthetic_dataset/pairs/original\original_440.mid,plagdet/data/synthetic_dataset/pairs/plagiarised\plagiarised_440.mid
441,plagdet/data/synthetic_dataset/pairs/original\original_441.mid,plagdet/data/synthetic_dataset/pairs/plagiarised\plagiarised_441.mid
442,plagdet/data/synthetic_dataset/pairs/original\original_442.mid,plagdet/data/synthetic_dataset/pairs/plagiarised\plagiarised_442.mid
443,plagdet/data/synthetic_dataset/pairs/original\original_443.mid,plagdet/data/synthetic_dataset/pairs/plagiarised\plagiarised_443.mid
444,plagdet/data/synthetic_dataset/pairs/original\original_444.mid,plagdet/data/synthetic_dataset/pairs/plagiarised\plagiarised_444.mid
445,plagdet/data/synthetic_dataset/pairs/original\original_445.mid,plagdet/data/synthetic_dataset/pairs/plagiarised\plagiarised_445.mid
446,plagdet/data/synthetic_dataset/pairs/original\original_446.mid,plagdet/data/synthetic_dataset/pairs/plagiarised\plagiarised_446.mid
447,plagdet/data/synthetic_dataset/pairs/original\original_447.mid,plagdet/data/synthetic_dataset/pairs/plagiarised\plagiarised_447.mid
448,plagdet/data/synthetic_dataset/pairs/original\original_448.mid,plagdet/data/synthetic_dataset/pairs/plagiarised\plagiarised_448.mid
449,plagdet/data/synthetic_dataset/pairs/original\original_449.mid,plagdet/data/synthetic_dataset/pairs/plagiarised\plagiarised_449.mid
450,plagdet/data/synthetic_dataset/pairs/original\original_450.mid,plagdet/data/synthetic_dataset/pairs/plagiarised\plagiarised_450.mid
451,plagdet/data/synthetic_dataset/pairs/original\original_451.mid,plagdet/data/synthetic_dataset/pairs/plagiarised\plagiarised_451.mid
452,plagdet/data/synthetic_dataset/pairs/original\original_452.mid,plagdet/data/synthetic_dataset/pairs/plagiarised\plagiarised_452.mid
453,plagdet/data/synthetic_dataset/pairs/original\original_453.mid,plagdet/data/synthetic_dataset/pairs/plagiarised\plagiarised_453.mid
454,plagdet/data/synthetic_dataset/pairs/original\original_454.mid,plagdet/data/synthetic_dataset/pairs/plagiarised\plagiarised_454.mid
455,plagdet/data/synthetic_dataset/pairs/original\original_455.mid,plagdet/data/synthetic_dataset/pairs/plagiarised\plagiarised_455.mid
456,plagdet/data/synthetic_dataset/pairs/original\original_456.mid,plagdet/data/synthetic_dataset/pairs/plagiarised\plagiarised_456.mid
457,plagdet/data/synthetic_dataset/pairs/original\original_457.mid,plagdet/data/synthetic_dataset/pairs/plagiarised\plagiarised_457.mid
458,plagdet/data/synthetic_dataset/pairs/original\original_458.mid,plagdet/data/synthetic_dataset/pairs/plagiarised\plagiarised_458.mid
459,plagdet/data/synthetic_dataset/pairs/original\original_459.mid,plagdet/data/synthetic_dataset/pairs/plagiarised\plagiarised_459.mid
460,plagdet/data/synthetic_dataset/pairs/original\original_460.mid,plagdet/data/synthetic_dataset/pairs/plagiarised\plagiarised_460.mid
461,plagdet/data/synthetic_dataset/pairs/original\original_461.mid,plagdet/data/synthetic_dataset/pairs/plagiarised\plagiarised_461.mid
462,plagdet/data/synthetic_dataset/pairs/original\original_462.mid,plagdet/data/synthetic_dataset/pairs/plagiarised\plagiarised_462.mid
463,plagdet/data/synthetic_dataset/pairs/original\original_463.mid,plagdet/data/synthetic_dataset/pairs/plagiarised\plagiarised_463.mid
464,plagdet/data/synthetic_dataset/pairs/original\original_464.mid,plagdet/data/synthetic_dataset/pairs/plagiarised\plagiarised_464.mid
465,plagdet/data/synthetic_dataset/pairs/original\original_465.mid,plagdet/data/synthetic_dataset/pairs/plagiarised\plagiarised_465.mid
466,plagdet/data/synthetic_dataset/pairs/original\original_466.mid,plagdet/data/synthetic_dataset/pairs/plagiarised\plagiarised_466.mid
467,plagdet/data/synthetic_dataset/pairs/original\original_467.mid,plagdet/data/synthetic_dataset/pairs/plagiarised\plagiarised_467.mid
468,plagdet/data/synthetic_dataset/pairs/original\original_468.mid,plagdet/data/synthetic_dataset/pairs/plagiarised\plagiarised_468.mid
469,plagdet/data/synthetic_dataset/pairs/original\original_469.mid,plagdet/data/synthetic_dataset/pairs/plagiarised\plagiarised_469.mid
470,plagdet/data/synthetic_dataset/pairs/original\original_470.mid,plagdet/data/synthetic_dataset/pairs/plagiarised\plagiarised_470.mid
471,plagdet/data/synthetic_dataset/pairs/original\original_471.mid,plagdet/data/synthetic_dataset/pairs/plagiarised\plagiarised_471.mid
472,plagdet/data/synthetic_dataset/pairs/original\original_472.mid,plagdet/data/synthetic_dataset/pairs/plagiarised\plagiarised_472.mid
473,plagdet/data/synthetic_dataset/pairs/original\original_473.mid,plagdet/data/synthetic_dataset/pairs/plagiarised\plagiarised_473.mid
474,plagdet/data/synthetic_dataset/pairs/original\original_474.mid,plagdet/data/synthetic_dataset/pairs/plagiarised\plagiarised_474.mid
475,plagdet/data/synthetic_dataset/pairs/original\original_475.mid,plagdet/data/synthetic_dataset/pairs/plagiarised\plagiarised_475.mid
476,plagdet/data/synthetic_dataset/pairs/original\original_476.mid,plagdet/data/synthetic_dataset/pairs/plagiarised\plagiarised_476.mid
477,plagdet/data/synthetic_dataset/pairs/original\original_477.mid,plagdet/data/synthetic_dataset/pairs/plagiarised\plagiarised_477.mid
478,plagdet/data/synthetic_dataset/pairs/original\original_478.mid,plagdet/data/synthetic_dataset/pairs/plagiarised\plagiarised_478.mid
479,plagdet/data/synthetic_dataset/pairs/original\original_479.mid,plagdet/data/synthetic_dataset/pairs/plagiarised\plagiarised_479.mid
480,plagdet/data/synthetic_dataset/pairs/original\original_480.mid,plagdet/data/synthetic_dataset/pairs/plagiarised\plagiarised_480.mid
481,plagdet/data/synthetic_dataset/pairs/original\original_481.mid,plagdet/data/synthetic_dataset/pairs/plagiarised\plagiarised_481.mid
482,plagdet/data/synthetic_dataset/pairs/original\original_482.mid,plagdet/data/synthetic_dataset/pairs/plagiarised\plagiarised_482.mid
483,plagdet/data/synthetic_dataset/pairs/original\original_483.mid,plagdet/data/synthetic_dataset/pairs/plagiarised\plagiarised_483.mid
484,plagdet/data/synthetic_dataset/pairs/original\original_484.mid,plagdet/data/synthetic_dataset/pairs/plagiarised\plagiarised_484.mid
485,plagdet/data/synthetic_dataset/pairs/original\original_485.mid,plagdet/data/synthetic_dataset/pairs/plagiarised\plagiarised_485.mid
486,plagdet/data/synthetic_dataset/pairs/original\original_486.mid,plagdet/data/synthetic_dataset/pairs/plagiarised\plagiarised_486.mid
487,plagdet/data/synthetic_dataset/pairs/original\original_487.mid,plagdet/data/synthetic_dataset/pairs/plagiarised\plagiarised_487.mid
488,plagdet/data/synthetic_dataset/pairs/original\original_488.mid,plagdet/data/synthetic_dataset/pairs/plagiarised\plagiarised_488.mid
489,plagdet/data/synthetic_dataset/pairs/original\original_489.mid,plagdet/data/synthetic_dataset/pairs/plagiarised\plagiarised_489.mid
490,plagdet/data/synthetic_dataset/pairs/original\original_490.mid,plagdet/data/synthetic_dataset/pairs/plagiarised\plagiarised_490.mid
491,plagdet/data/synthetic_dataset/pairs/original\original_491.mid,plagdet/data/synthetic_dataset/pairs/plagiarised\plagiarised_491.mid
492,plagdet/data/synthetic_dataset/pairs/original\original_492.mid,plagdet/data/synthetic_dataset/pairs/plagiarised\plagiarised_492.mid
493,plagdet/data/synthetic_dataset/pairs/original\original_493.mid,plagdet/data/synthetic_dataset/pairs/plagiarised\plagiarised_493.mid
494,plagdet/data/synthetic_dataset/pairs/original\original_494.mid,plagdet/data/synthetic_dataset/pairs/plagiarised\plagiarised_494.mid
495,plagdet/data/synthetic_dataset/pairs/original\original_495.mid,plagdet/data/synthetic_dataset/pairs/plagiarised\plagiarised_495.mid
496,plagdet/data/synthetic_dataset/pairs/original\original_496.mid,plagdet/data/synthetic_dataset/pairs/plagiarised\plagiarised_496.mid
497,plagdet/data/synthetic_dataset/pairs/original\original_497.mid,plagdet/data/synthetic_dataset/pairs/plagiarised\plagiarised_497.mid
498,plagdet/data/synthetic_dataset/pairs/original\original_498.mid,plagdet/data/synthetic_dataset/pairs/plagiarised\plagiarised_498.mid
499,plagdet/data/synthetic_dataset/pairs/original\original_499.mid,plagdet/data/synthetic_dataset/pairs/plagiarised\plagiarised_499.mid
500,plagdet/data/synthetic_dataset/pairs/original\original_500.mid,plagdet/data/synthetic_dataset/pairs/plagiarised\plagiarised_500.mid
501,plagdet/data/synthetic_dataset/pairs/original\original_501.mid,plagdet/data/synthetic_dataset/pairs/plagiarised\plagiarised_501.mid
502,plagdet/data/synthetic_dataset/pairs/original\original_502.mid,plagdet/data/synthetic_dataset/pairs/plagiarised\plagiarised_502.mid
503,plagdet/data/synthetic_dataset/pairs/original\original_503.mid,plagdet/data/synthetic_dataset/pairs/plagiarised\plagiarised_503.mid
504,plagdet/data/synthetic_dataset/pairs/original\original_504.mid,plagdet/data/synthetic_dataset/pairs/plagiarised\plagiarised_504.mid
505,plagdet/data/synthetic_dataset/pairs/original\original_505.mid,plagdet/data/synthetic_dataset/pairs/plagiarised\plagiarised_505.mid
506,plagdet/data/synthetic_dataset/pairs/original\original_506.mid,plagdet/data/synthetic_dataset/pairs/plagiarised\plagiarised_506.mid
507,plagdet/data/synthetic_dataset/pairs/original\original_507.mid,plagdet/data/synthetic_dataset/pairs/plagiarised\plagiarised_507.mid
508,plagdet/data/synthetic_dataset/pairs/original\original_508.mid,plagdet/data/synthetic_dataset/pairs/plagiarised\plagiarised_508.mid
509,plagdet/data/synthetic_dataset/pairs/original\original_509.mid,plagdet/data/synthetic_dataset/pairs/plagiarised\plagiarised_509.mid
510,plagdet/data/synthetic_dataset/pairs/original\original_510.mid,plagdet/data/synthetic_dataset/pairs/plagiarised\plagiarised_510.mid
511,plagdet/data/synthetic_dataset/pairs/original\original_511.mid,plagdet/data/synthetic_dataset/pairs/plagiarised\plagiarised_511.mid
512,plagdet/data/synthetic_dataset/pairs/original\original_512.mid,plagdet/data/synthetic_dataset/pairs/plagiarised\plagiarised_512.mid
513,plagdet/data/synthetic_dataset/pairs/original\original_513.mid,plagdet/data/synthetic_dataset/pairs/plagiarised\plagiarised_513.mid
514,plagdet/data/synthetic_dataset/pairs/original\original_514.mid,plagdet/data/synthetic_dataset/pairs/plagiarised\plagiarised_514.mid
515,plagdet/data/synthetic_dataset/pairs/original\original_515.mid,plagdet/data/synthetic_dataset/pairs/plagiarised\plagiarised_515.mid
516,plagdet/data/synthetic_dataset/pairs/original\original_516.mid,plagdet/data/synthetic_dataset/pairs/plagiarised\plagiarised_516.mid
517,plagdet/data/synthetic_dataset/pairs/original\original_517.mid,plagdet/data/synthetic_dataset/pairs/plagiarised\plagiarised_517.mid
518,plagdet/data/synthetic_dataset/pairs/original\original_518.mid,plagdet/data/synthetic_dataset/pairs/plagiarised\plagiarised_518.mid
519,plagdet/data/synthetic_dataset/pairs/original\original_519.mid,plagdet/data/synthetic_dataset/pairs/plagiarised\plagiarised_519.mid
520,plagdet/data/synthetic_dataset/pairs/original\original_520.mid,plagdet/data/synthetic_dataset/pairs/plagiarised\plagiarised_520.mid
521,plagdet/data/synthetic_dataset/pairs/original\original_521.mid,plagdet/data/synthetic_dataset/pairs/plagiarised\plagiarised_521.mid
522,plagdet/data/synthetic_dataset/pairs/original\original_522.mid,plagdet/data/synthetic_dataset/pairs/plagiarised\plagiarised_522.mid
523,plagdet/data/synthetic_dataset/pairs/original\original_523.mid,plagdet/data/synthetic_dataset/pairs/plagiarised\plagiarised_523.mid
524,plagdet/data/synthetic_dataset/pairs/original\original_524.mid,plagdet/data/synthetic_dataset/pairs/plagiarised\plagiarised_524.mid
525,plagdet/data/synthetic_dataset/pairs/original\original_525.mid,plagdet/data/synthetic_dataset/pairs/plagiarised\plagiarised_525.mid
526,plagdet/data/synthetic_dataset/pairs/original\original_526.mid,plagdet/data/synthetic_dataset/pairs/plagiarised\plagiarised_526.mid
527,plagdet/data/synthetic_dataset/pairs/original\original_527.mid,plagdet/data/synthetic_dataset/pairs/plagiarised\plagiarised_527.mid
528,plagdet/data/synthetic_dataset/pairs/original\original_528.mid,plagdet/data/synthetic_dataset/pairs/plagiarised\plagiarised_528.mid
529,plagdet/data/synthetic_dataset/pairs/original\original_529.mid,plagdet/data/synthetic_dataset/pairs/plagiarised\plagiarised_529.mid
530,plagdet/data/synthetic_dataset/pairs/original\original_530.mid,plagdet/data/synthetic_dataset/pairs/plagiarised\plagiarised_530.mid
531,plagdet/data/synthetic_dataset/pairs/original\original_531.mid,plagdet/data/synthetic_dataset/pairs/plagiarised\plagiarised_531.mid
532,plagdet/data/synthetic_dataset/pairs/original\original_532.mid,plagdet/data/synthetic_dataset/pairs/plagiarised\plagiarised_532.mid
533,plagdet/data/synthetic_dataset/pairs/original\original_533.mid,plagdet/data/synthetic_dataset/pairs/plagiarised\plagiarised_533.mid
534,plagdet/data/synthetic_dataset/pairs/original\original_534.mid,plagdet/data/synthetic_dataset/pairs/plagiarised\plagiarised_534.mid
535,plagdet/data/synthetic_dataset/pairs/original\original_535.mid,plagdet/data/synthetic_dataset/pairs/plagiarised\plagiarised_535.mid
536,plagdet/data/synthetic_dataset/pairs/original\original_536.mid,plagdet/data/synthetic_dataset/pairs/plagiarised\plagiarised_536.mid
537,plagdet/data/synthetic_dataset/pairs/original\original_537.mid,plagdet/data/synthetic_dataset/pairs/plagiarised\plagiarised_537.mid
538,plagdet/data/synthetic_dataset/pairs/original\original_538.mid,plagdet/data/synthetic_dataset/pairs/plagiarised\plagiarised_538.mid
539,plagdet/data/synthetic_dataset/pairs/original\original_539.mid,plagdet/data/synthetic_dataset/pairs/plagiarised\plagiarised_539.mid
540,plagdet/data/synthetic_dataset/pairs/original\original_540.mid,plagdet/data/synthetic_dataset/pairs/plagiarised\plagiarised_540.mid
541,plagdet/data/synthetic_dataset/pairs/original\original_541.mid,plagdet/data/synthetic_dataset/pairs/plagiarised\plagiarised_541.mid
542,plagdet/data/synthetic_dataset/pairs/original\original_542.mid,plagdet/data/synthetic_dataset/pairs/plagiarised\plagiarised_542.mid
543,plagdet/data/synthetic_dataset/pairs/original\original_543.mid,plagdet/data/synthetic_dataset/pairs/plagiarised\plagiarised_543.mid
544,plagdet/data/synthetic_dataset/pairs/original\original_544.mid,plagdet/data/synthetic_dataset/pairs/plagiarised\plagiarised_544.mid
545,plagdet/data/synthetic_dataset/pairs/original\original_545.mid,plagdet/data/synthetic_dataset/pairs/plagiarised\plagiarised_545.mid
546,plagdet/data/synthetic_dataset/pairs/original\original_546.mid,plagdet/data/synthetic_dataset/pairs/plagiarised\plagiarised_546.mid
547,plagdet/data/synthetic_dataset/pairs/original\original_547.mid,plagdet/data/synthetic_dataset/pairs/plagiarised\plagiarised_547.mid
548,plagdet/data/synthetic_dataset/pairs/original\original_548.mid,plagdet/data/synthetic_dataset/pairs/plagiarised\plagiarised_548.mid
549,plagdet/data/synthetic_dataset/pairs/original\original_549.mid,plagdet/data/synthetic_dataset/pairs/plagiarised\plagiarised_549.mid
550,plagdet/data/synthetic_dataset/pairs/original\original_550.mid,plagdet/data/synthetic_dataset/pairs/plagiarised\plagiarised_550.mid
551,plagdet/data/synthetic_dataset/pairs/original\original_551.mid,plagdet/data/synthetic_dataset/pairs/plagiarised\plagiarised_551.mid
552,plagdet/data/synthetic_dataset/pairs/original\original_552.mid,plagdet/data/synthetic_dataset/pairs/plagiarised\plagiarised_552.mid
553,plagdet/data/synthetic_dataset/pairs/original\original_553.mid,plagdet/data/synthetic_dataset/pairs/plagiarised\plagiarised_553.mid
554,plagdet/data/synthetic_dataset/pairs/original\original_554.mid,plagdet/data/synthetic_dataset/pairs/plagiarised\plagiarised_554.mid
555,plagdet/data/synthetic_dataset/pairs/original\original_555.mid,plagdet/data/synthetic_dataset/pairs/plagiarised\plagiarised_555.mid
556,plagdet/data/synthetic_dataset/pairs/original\original_556.mid,plagdet/data/synthetic_dataset/pairs/plagiarised\plagiarised_556.mid
557,plagdet/data/synthetic_dataset/pairs/original\original_557.mid,plagdet/data/synthetic_dataset/pairs/plagiarised\plagiarised_557.mid
558,plagdet/data/synthetic_dataset/pairs/original\original_558.mid,plagdet/data/synthetic_dataset/pairs/plagiarised\plagiarised_558.mid
559,plagdet/data/synthetic_dataset/pairs/original\original_559.mid,plagdet/data/synthetic_dataset/pairs/plagiarised\plagiarised_559.mid
560,plagdet/data/synthetic_dataset/pairs/original\original_560.mid,plagdet/data/synthetic_dataset/pairs/plagiarised\plagiarised_560.mid
561,plagdet/data/synthetic_dataset/pairs/original\original_561.mid,plagdet/data/synthetic_dataset/pairs/plagiarised\plagiarised_561.mid
562,plagdet/data/synthetic_dataset/pairs/original\original_562.mid,plagdet/data/synthetic_dataset/pairs/plagiarised\plagiarised_562.mid
563,plagdet/data/synthetic_dataset/pairs/original\original_563.mid,plagdet/data/synthetic_dataset/pairs/plagiarised\plagiarised_563.mid
564,plagdet/data/synthetic_dataset/pairs/original\original_564.mid,plagdet/data/synthetic_dataset/pairs/plagiarised\plagiarised_564.mid
565,plagdet/data/synthetic_dataset/pairs/original\original_565.mid,plagdet/data/synthetic_dataset/pairs/plagiarised\plagiarised_565.mid
566,plagdet/data/synthetic_dataset/pairs/original\original_566.mid,plagdet/data/synthetic_dataset/pairs/plagiarised\plagiarised_566.mid
567,plagdet/data/synthetic_dataset/pairs/original\original_567.mid,plagdet/data/synthetic_dataset/pairs/plagiarised\plagiarised_567.mid
568,plagdet/data/synthetic_dataset/pairs/original\original_568.mid,plagdet/data/synthetic_dataset/pairs/plagiarised\plagiarised_568.mid
569,plagdet/data/synthetic_dataset/pairs/original\original_569.mid,plagdet/data/synthetic_dataset/pairs/plagiarised\plagiarised_569.mid
570,plagdet/data/synthetic_dataset/pairs/original\original_570.mid,plagdet/data/synthetic_dataset/pairs/plagiarised\plagiarised_570.mid
571,plagdet/data/synthetic_dataset/pairs/original\original_571.mid,plagdet/data/synthetic_dataset/pairs/plagiarised\plagiarised_571.mid
572,plagdet/data/synthetic_dataset/pairs/original\original_572.mid,plagdet/data/synthetic_dataset/pairs/plagiarised\plagiarised_572.mid
573,plagdet/data/synthetic_dataset/pairs/original\original_573.mid,plagdet/data/synthetic_dataset/pairs/plagiarised\plagiarised_573.mid
574,plagdet/data/synthetic_dataset/pairs/original\original_574.mid,plagdet/data/synthetic_dataset/pairs/plagiarised\plagiarised_574.mid
575,plagdet/data/synthetic_dataset/pairs/original\original_575.mid,plagdet/data/synthetic_dataset/pairs/plagiarised\plagiarised_575.mid
576,plagdet/data/synthetic_dataset/pairs/original\original_576.mid,plagdet/data/synthetic_dataset/pairs/plagiarised\plagiarised_576.mid
577,plagdet/data/synthetic_dataset/pairs/original\original_577.mid,plagdet/data/synthetic_dataset/pairs/plagiarised\plagiarised_577.mid
578,plagdet/data/synthetic_dataset/pairs/original\original_578.mid,plagdet/data/synthetic_dataset/pairs/plagiarised\plagiarised_578.mid
579,plagdet/data/synthetic_dataset/pairs/original\original_579.mid,plagdet/data/synthetic_dataset/pairs/plagiarised\plagiarised_579.mid
580,plagdet/data/synthetic_dataset/pairs/original\original_580.mid,plagdet/data/synthetic_dataset/pairs/plagiarised\plagiarised_580.mid
581,plagdet/data/synthetic_dataset/pairs/original\original_581.mid,plagdet/data/synthetic_dataset/pairs/plagiarised\plagiarised_581.mid
582,plagdet/data/synthetic_dataset/pairs/original\original_582.mid,plagdet/data/synthetic_dataset/pairs/plagiarised\plagiarised_582.mid
583,plagdet/data/synthetic_dataset/pairs/original\original_583.mid,plagdet/data/synthetic_dataset/pairs/plagiarised\plagiarised_583.mid
584,plagdet/data/synthetic_dataset/pairs/original\original_584.mid,plagdet/data/synthetic_dataset/pairs/plagiarised\plagiarised_584.mid
585,plagdet/data/synthetic_dataset/pairs/original\original_585.mid,plagdet/data/synthetic_dataset/pairs/plagiarised\plagiarised_585.mid
